{
  "version": "1.2.3-rc3",
  "watch_list": [
    {
      "active": true,
      "site": "All",
      "frames": [
        {
          "scan": true,
          "frame": "*",
          "api": false
        }
      ]
    }
  ],
  "preferences": {
    "security": {
      "editor_mode": "external",
      "display_decrypted": "inline",
      "secureBgndColor": "#f5f5f5",
      "secureBgndIconColor": "#04346E",
      "secureBgndColorId": 0,
      "password_cache": true,
      "password_timeout": 30
    },
    "general": {
      "editor_type": "plain",
      "auto_add_primary": true
    },
    "main_active": true
  }
}
